[Start/Stop Time],
START,2009/3/16 12:56
STOP,2009/3/16 13:00
[Measurement Profile],
TITLE,test1 
EVENT_MODE,Event-Related
EVENT_T0,10
EVENT_T1,30
EVENT_T2,30
EVENT_REPEAT,
[User Profile],
NAME,KF
AGE,30
GENDER,Female
Dominant Hand,Right-Handed
[CH_CONFIG],
1,7,2,8,9,14,15,21,16,22,23,28,29,35,30,36,,,,,,,,,,,,,,,,,,,,,,,,,,,,,,,,,,,,,,,,,,,,,,,,,,,,,,,,
[CAL(CAL1-L1,CAL1-L2,...,CAL36-L1,CAL36-L2)(0:good/3:unuse/1:over/2:under)],,,,,,,,,,,,,,,,,,,,,,,,,,,,,,,,,,,,,,,,,,,,,,,,,,,,,,,,,,,,,,,,,,,
10,10,10,10,3,3,3,3,3,3,3,3,10,10,10,10,10,10,3,3,3,3,3,3,3,3,10,10,10,10,10,10,3,3,3,3,3,3,3,3,10,10,10,10,10,10,3,3,3,3,3,3,3,3,10,10,10,10,10,10,3,3,3,3,3,3,3,3,10,10,10,10
[Oxy(O)/Deoxy(D)(mM¥mm)],,,,,,,,,,,,,,,,,,,,,,,,,,,,,,,,,,,,,,,,,,,,,,,,,,,,,,,,,,,,,,,,,,,,,,,
evt,ch1(O),ch1(D),ch1(O+D),ch2(O),ch2(D),ch2(O+D),ch3(O),ch3(D),ch3(O+D),ch4(O),ch4(D),ch4(O+D),ch5(O),ch5(D),ch5(O+D),ch6(O),ch6(D),ch6(O+D),ch7(O),ch7(D),ch7(O+D),ch8(O),ch8(D),ch8(O+D),ch9(O),ch9(D),ch9(O+D),ch10(O),ch10(D),ch10(O+D),ch11(O),ch11(D),ch11(O+D),ch12(O),ch12(D),ch12(O+D),ch13(O),ch13(D),ch13(O+D),ch14(O),ch14(D),ch14(O+D),ch15(O),ch15(D),ch15(O+D),ch16(O),ch16(D),ch16(O+D),,,,,,,,,,,,,,,,,,,,,,,
0,0.00095656,-0.0048494,-0.00389285,-0.00151397,-0.00258598,-0.00409996,-0.00651545,-0.00320838,-0.00972383,-0.00512479,-0.00233098,-0.00745577,-0.00889698,-0.00174012,-0.0106371,-0.0008781,-0.00329436,-0.00417246,-0.00797278,-0.00240796,-0.01038074,-0.0135577,0.00115617,-0.01240153,0.00155964,0.00149683,0.00305646,-0.01000643,-0.00066456,-0.01067098,-0.01061893,-0.00173962,-0.01235856,-0.00739001,0.00190114,-0.00548887,-0.00830036,0.0007261,-0.00757426,-0.00052653,0.00179735,0.00127081,0.00139355,0.00145589,0.00284944,0.00666783,0.00241942,0.00908725,,,,,,,,,,,,,,,,,,,,,,,
0,-0.00219402,0.00080495,-0.00138907,-0.00097326,0.0017622,0.00078894,-0.00423332,-0.00116709,-0.00540041,-0.00583916,0.00037965,-0.00545951,-0.00542732,-0.00040375,-0.00583107,-0.00080655,-0.00209699,-0.00290353,-0.00302858,-0.00218545,-0.00521403,-0.00449126,-0.00235994,-0.0068512,0.0009863,0.00184457,0.00283087,-0.00778729,0.00079499,-0.0069923,-0.00773051,-0.00057729,-0.00830779,-0.00509553,0.00141605,-0.00367948,-0.00439491,-0.00035262,-0.00474753,0.00286045,-0.00073429,0.00212615,0.0019044,0.00060823,0.00251262,0.01368255,-0.01056839,0.00311415,,,,,,,,,,,,,,,,,,,,,,,
0,-0.00381628,0.00143615,-0.00238013,0.00050676,-0.00072964,-0.00022288,-0.00221641,-0.00084742,-0.00306384,-0.00193739,-0.00053895,-0.00247634,-0.00216677,-0.00077929,-0.00294607,0.00024128,-0.00239121,-0.00214992,-0.0032183,0.00018541,-0.00303289,0.00036514,-0.00183759,-0.00147246,0.00102877,0.00093701,0.00196578,-0.0023863,-0.00053469,-0.00292099,-0.0086885,0.00448353,-0.00420497,-0.00325814,0.00103317,-0.00222497,-0.00734191,0.00459087,-0.00275104,-0.01585462,0.01676506,0.00091044,0.00035793,0.00095403,0.00131196,-0.0025214,0.00715055,0.00462916,,,,,,,,,,,,,,,,,,,,,,,
0,0.00232432,-0.00051584,0.00180847,0.00281664,-0.00056432,0.00225232,0.00024689,-0.00051566,-0.00026877,0.00244839,-0.00216239,0.000286,-0.00010963,0.00168844,0.00157881,0.00054275,-0.00270458,-0.00216183,0.0002387,0.00088621,0.00112491,0.00222238,0.00089964,0.00312202,0.00148598,0.00087804,0.00236402,0.00163913,-0.0003696,0.00126953,0.00197312,0.00045818,0.00243129,0.0003743,-0.00037379,0.00000051,0.00006752,0.00138521,0.00145273,0.00257851,0.00295845,0.00553695,0.00018968,0.00064232,0.000832,0.00368897,0.00715744,0.0108464,,,,,,,,,,,,,,,,,,,,,,,
0,-0.00104375,0.0046468,0.00360305,0.00185054,0.00250003,0.00435057,0.004753,0.00097689,0.00572988,0.00279852,0.0012382,0.00403672,0.00457438,0.00129678,0.00587116,0.0016208,0.00070582,0.00232662,0.00477884,0.00018956,0.0049684,0.00671025,0.00117461,0.00788486,0.0040652,-0.00120691,0.0028583,0.0067087,0.00012543,0.00683413,0.00700773,0.00111734,0.00812507,0.00440393,-0.00097215,0.00343177,0.00474936,0.00088327,0.00563263,-0.00309714,0.01147091,0.00837377,0.00165428,-0.00039476,0.00125951,0.00577893,-0.00492219,0.00085674,,,,,,,,,,,,,,,,,,,,,,,
0,0.00486555,-0.00130074,0.00356482,0.00177433,-0.00099546,0.00077887,0.00580078,0.00290122,0.008702,0.00277448,0.00317599,0.00595047,0.00621903,0.00013357,0.0063526,0.00318324,0.00630424,0.00948748,0.00455519,0.00139644,0.00595163,0.00347686,0.00231944,0.0057963,-0.00168227,-0.00046884,-0.0021511,0.00445957,0.00156987,0.00602944,0.01183961,-0.00283722,0.00900239,0.00525823,-0.0005606,0.00469763,0.00654089,-0.00163565,0.00490524,0.01244705,-0.00744048,0.00500657,-0.00045092,-0.00085194,-0.00130286,-0.00260211,-0.0054154,-0.00801751,,,,,,,,,,,,,,,,,,,,,,,
0,-0.00368331,-0.00007366,-0.00375697,-0.00526167,0.00087512,-0.00438655,0.00028219,0.00150709,0.00178927,0.0013386,0.00196099,0.00329959,0.00244288,0.00109468,0.00353755,0.00018367,0.00296976,0.00315342,0.00310033,0.00109127,0.0041916,0.00315811,-0.00011037,0.00304774,-0.0045045,-0.00185842,-0.00636292,0.00426897,-0.00059072,0.00367824,0.00194694,0.00107182,0.00301877,0.00372101,-0.00107922,0.00264178,0.0029845,-0.00160268,0.00138182,0.00424345,-0.01110142,-0.00685797,-0.00387931,-0.00146166,-0.00534097,-0.0118837,0.00178854,-0.01009516,,,,,,,,,,,,,,,,,,,,,,,
4,0.00304686,0.00062001,0.00366687,-0.00079998,0.00049512,-0.00030485,0.00482591,0.00158497,0.00641088,0.00612447,0.00040923,0.0065337,0.00622092,0.00057607,0.00679699,-0.00202456,0.00357383,0.00154927,0.00438515,0.00287156,0.00725671,0.00574498,-0.0001642,0.00558078,-0.00508302,-0.00226932,-0.00735235,0.0074295,0.00077101,0.00820051,0.00891511,-0.00076438,0.00815073,0.00625323,-0.00098764,0.00526559,0.00927192,-0.00357386,0.00569807,0.00035821,-0.01426579,-0.01390759,-0.00317446,-0.00177698,-0.00495145,-0.01539098,0.00245088,-0.0129401,,,,,,,,,,,,,,,,,,,,,,,
0,0.00419427,0.00530241,0.00949668,0.00127436,0.00318269,0.00445705,0.0087802,0.00191182,0.01069203,0.0106466,0.00021355,0.01086015,0.00967396,-0.00039854,0.00927542,0.00088568,0.00403203,0.00491771,0.00723611,0.00295185,0.01018796,0.00945619,-0.00065392,0.00880227,-0.00712782,-0.00249485,-0.00962267,0.01035223,0.00154741,0.01189965,0.01050498,0.00076933,0.01127431,0.00830203,-0.0009233,0.00737874,0.01157392,-0.00389276,0.00768115,-0.00397074,-0.00480988,-0.00878062,-0.00212193,-0.00282474,-0.00494667,-0.00508608,-0.00612734,-0.01121342,,,,,,,,,,,,,,,,,,,,,,,
0,0.02013001,0.01047725,0.03060726,0.01721596,-0.0005744,0.01664156,0.02817026,0.00727185,0.03544211,0.01827253,0.00822083,0.02649336,0.0205594,0.00150356,0.02206295,0.01007692,0.01043816,0.02051508,0.02013817,0.00701726,0.02715542,0.03202879,0.00789668,0.03992547,0.01595486,0.00524944,0.0212043,0.04432433,0.01412903,0.05845336,0.04150915,0.00590009,0.04740923,0.02776487,0.00436051,0.03212538,0.03321065,-0.00450483,0.02870582,0.03469807,-0.00577082,0.02892725,0.00914417,-0.00107119,0.00807297,-0.01078936,0.00550509,-0.00528427,,,,,,,,,,,,,,,,,,,,,,,
0,0.03640446,0.01879502,0.05519948,0.03028833,0.0012784,0.03156673,0.05562302,0.01305918,0.0686822,0.04545036,0.01044075,0.0558911,0.04182043,0.00555688,0.04737731,0.03885033,0.02008156,0.05893189,0.04339988,0.01217781,0.05557769,0.0640865,0.01586338,0.07994988,0.05969988,0.02177044,0.08147032,0.08998804,0.02758651,0.11757455,0.08160081,0.01771863,0.09931944,0.05630609,0.01234151,0.06864761,0.06115886,0.00199135,0.06315022,0.07525634,0.01114645,0.08640279,0.02923975,0.00296104,0.0322008,0.01210979,0.00033654,0.01244634,,,,,,,,,,,,,,,,,,,,,,,
0,0.06431016,0.0173856,0.08169576,0.04957469,0.00237042,0.05194511,0.08580352,0.02182657,0.10763009,0.06528593,0.01743236,0.08271829,0.07112893,0.01012836,0.08125728,0.07125908,0.03277038,0.10402947,0.06738797,0.0153486,0.08273657,0.0982269,0.02360057,0.12182747,0.10218101,0.03630985,0.13849086,0.12883515,0.0406643,0.16949945,0.12598711,0.0303837,0.15637081,0.08735697,0.02093447,0.10829144,0.09565674,0.00368867,0.09934542,0.12000629,0.02430985,0.14431614,0.04505282,0.0060273,0.05108012,0.01759779,0.00756201,0.0251598
0,0.08095711,0.02224951,0.10320662,0.06558154,0.00209281,0.06767434,0.11030067,0.02898041,0.13928108,0.08493913,0.02045875,0.10539788,0.09263222,0.01442522,0.10705744,0.09623778,0.04291822,0.139156,0.08766785,0.0170424,0.10471025,0.12422562,0.03264339,0.15686902,0.13825723,0.05114053,0.18939777,0.16368179,0.05086529,0.21454708,0.16676029,0.03560598,0.20236627,0.10896286,0.02871757,0.13768043,0.12408349,0.00483567,0.12891916,0.16525029,0.0206734,0.1859237,0.05795238,0.00997659,0.06792897,0.02426772,0.00707598,0.0313437
0,0.08642896,0.02778805,0.114217,0.07155454,0.00369545,0.07524999,0.12509578,0.03381105,0.15890683,0.09840211,0.02061679,0.1190189,0.10606578,0.01611866,0.12218444,0.11184204,0.05028422,0.16212626,0.09757881,0.01879225,0.11637107,0.13951133,0.03671032,0.17622165,0.16058949,0.05965056,0.22024004,0.1833705,0.05618582,0.23955632,0.1862947,0.04328949,0.22958419,0.12247855,0.03216252,0.15464107,0.14012796,0.00776335,0.14789131,0.1821922,0.02845008,0.21064229,0.0695559,0.01211244,0.08166834,0.05321466,0.00314917,0.05636383
0,0.09632477,0.02016102,0.11648579,0.07970062,-0.00004682,0.0796538,0.13458202,0.03816018,0.1727422,0.10632664,0.02243558,0.12876222,0.11409754,0.01366636,0.1277639,0.12139516,0.05604142,0.17743658,0.10256993,0.01916123,0.12173116,0.14921176,0.03777307,0.18698483,0.16976619,0.06590979,0.23567598,0.19430653,0.05827093,0.25257746,0.20002219,0.04435482,0.24437701,0.13256115,0.03326927,0.16583041,0.15109085,0.00942247,0.16051332,0.19545897,0.02608384,0.22154281,0.07699228,0.01519683,0.09218912,0.04400134,0.01241073,0.05641207
0,0.10471761,0.02490868,0.12962629,0.08722943,0.00086524,0.08809468,0.1444219,0.04070949,0.18513139,0.11290392,0.02323742,0.13614133,0.11737572,0.01146095,0.12883668,0.1282313,0.06018806,0.18841937,0.10305687,0.02074118,0.12379805,0.15316835,0.03896187,0.19213022,0.1739384,0.07016851,0.24410692,0.2020084,0.05815539,0.26016379,0.21334912,0.04237249,0.25572161,0.14047197,0.03548284,0.17595482,0.16412963,0.00715314,0.17128277,0.21142444,0.02326815,0.23469259,0.08759694,0.01786213,0.10545907,0.05161303,0.01087824,0.06249128
0,0.10345146,0.03061176,0.13406321,0.09211844,0.00439078,0.09650922,0.15115456,0.04367265,0.19482721,0.1216251,0.02139437,0.14301947,0.11522628,0.01189305,0.12711933,0.13722253,0.06416772,0.20139025,0.10191349,0.02052655,0.12244004,0.15100849,0.03944101,0.1904495,0.17703984,0.07106394,0.24810378,0.2061298,0.05663678,0.26276658,0.21414842,0.04433195,0.25848036,0.14740596,0.03674521,0.18415117,0.16719429,0.00652067,0.17371497,0.19902477,0.02907762,0.2281024,0.09518165,0.01875832,0.11393997,0.06493479,0.00592091,0.0708557
0,0.10433453,0.03132477,0.1356593,0.09636892,0.00055681,0.09692573,0.15332252,0.04439803,0.19772055,0.12063609,0.02309659,0.14373267,0.11687811,0.00731517,0.12419328,0.14005965,0.06774905,0.2078087,0.10006627,0.01896064,0.11902691,0.15044228,0.03441914,0.18486141,0.17612035,0.07263651,0.24875686,0.20836118,0.054618,0.26297918,0.21303391,0.04159441,0.25462832,0.14952854,0.03770343,0.18723197,0.17026147,0.00217141,0.17243288,0.20569833,0.02354736,0.22924569,0.09794172,0.0200969,0.11803863,0.06236555,0.0202046,0.08257015
0,0.10709886,0.02932923,0.13642809,0.09766778,0.00197213,0.0996399,0.15583196,0.04437703,0.20020899,0.1257217,0.02139376,0.14711546,0.12002867,0.00531595,0.12534462,0.14428589,0.06856717,0.21285306,0.10213268,0.01700235,0.11913503,0.15133257,0.03465648,0.18598905,0.17895072,0.07133157,0.25028229,0.20916427,0.0538283,0.26299257,0.21456266,0.03919804,0.2537607,0.15353679,0.0380149,0.19155169,0.17170149,0.00080398,0.17250547,0.20643524,0.03066013,0.23709537,0.09964254,0.02078589,0.12042842,0.06406414,0.02110016,0.0851643
0,0.10996416,0.03031733,0.14028149,0.10390807,-0.00110947,0.10279861,0.1603455,0.04441081,0.20475631,0.1277914,0.02247821,0.15026961,0.12562165,0.00462167,0.13024333,0.15076832,0.06910366,0.21987199,0.10700968,0.01554344,0.12255312,0.15481256,0.0332027,0.18801527,0.18293553,0.07172024,0.25465578,0.21222909,0.05603028,0.26825937,0.216236,0.0395374,0.25577339,0.15828506,0.03972284,0.19800789,0.17494648,-0.00139576,0.17355072,0.20818291,0.03401024,0.24219315,0.10102783,0.02134295,0.12237078,0.05745142,0.01463302,0.07208444
0,0.12075925,0.02821432,0.14897358,0.1109908,0.00008627,0.11107707,0.16595829,0.04619951,0.2121578,0.13064915,0.02267157,0.15332072,0.12932474,0.00573707,0.13506181,0.15222922,0.07196805,0.22419727,0.11041774,0.01645578,0.12687352,0.15747491,0.03501521,0.19249012,0.18986557,0.0710738,0.26093937,0.22022213,0.05525955,0.27548168,0.22089541,0.04075066,0.26164607,0.16492227,0.04080483,0.2057271,0.18336029,-0.00519516,0.17816513,0.21659166,0.02612593,0.24271758,0.10836321,0.02149049,0.1298537,0.05780641,0.02684847,0.08465488
0,0.11748109,0.0400582,0.15753928,0.10874998,0.00430289,0.11305287,0.16889234,0.04674307,0.21563541,0.13361266,0.02246118,0.15607384,0.13153982,0.00567647,0.13721629,0.15628838,0.07083713,0.22712551,0.11288736,0.01554933,0.1284367,0.15620754,0.03622565,0.1924332,0.19206375,0.06970275,0.2617665,0.22254642,0.05221828,0.2747647,0.22462972,0.03937454,0.26400426,0.16880969,0.04081319,0.20962288,0.18242011,-0.00554352,0.17687659,0.21220636,0.03512297,0.24732933,0.10905424,0.02152453,0.13057877,0.05638197,0.02905589,0.08543786
0,0.12237632,0.02970377,0.15208009,0.11168771,-0.00062464,0.11106307,0.16955509,0.04778001,0.2173351,0.13674535,0.02022441,0.15696976,0.1354822,0.00379174,0.13927395,0.15812353,0.07159864,0.22972217,0.11255843,0.01435691,0.12691535,0.16344653,0.02951026,0.19295679,0.19390804,0.06964657,0.26355461,0.22432116,0.05175277,0.27607392,0.22598704,0.03818704,0.26417408,0.17069239,0.04191234,0.21260473,0.1824894,-0.00718637,0.17530303,0.20809109,0.03179604,0.23988713,0.10929196,0.02141843,0.13071039,0.06363309,0.02666865,0.09030174
0,0.1214316,0.02996465,0.15139625,0.11007423,-0.00037638,0.10969786,0.16808034,0.0471226,0.21520294,0.135971,0.01835377,0.15432477,0.13435478,0.00089688,0.13525165,0.16114907,0.07033908,0.23148814,0.11244287,0.01038216,0.12282503,0.16278386,0.02807717,0.19086103,0.1927447,0.06733085,0.26007555,0.22274185,0.05010467,0.27284653,0.21677168,0.04216654,0.25893823,0.16860055,0.0408888,0.20948936,0.18044174,-0.009006,0.17143574,0.21079751,0.03340821,0.24420571,0.10825832,0.021953,0.13021132,0.05758251,0.0323478,0.08993032
0,0.11455352,0.027554,0.14210752,0.11361314,-0.00601402,0.10759912,0.15368711,0.04361929,0.1973064,0.12177263,0.01075226,0.13252489,0.12412591,-0.00251048,0.12161543,0.15805146,0.06795677,0.22600823,0.10081742,0.00973343,0.11055085,0.16216894,0.03358458,0.19575352,0.19288594,0.0687561,0.26164205,0.21136467,0.04613601,0.25750068,0.21075471,0.03431073,0.24506544,0.14799789,0.02820006,0.17619795,0.17751145,-0.01013513,0.16737632,0.2020558,0.03094552,0.23300132,0.12824598,0.03200177,0.16024775,0.09384383,0.00287609,0.09671992
4,0.11536359,0.03297295,0.14833653,0.11832983,-0.00384079,0.11448904,0.14996291,0.04090468,0.19086759,0.12392761,0.01167789,0.1356055,0.12035253,-0.00555205,0.11480048,0.16834658,0.06900613,0.23735271,0.10249444,0.00916285,0.11165729,0.16096201,0.03241655,0.19337856,0.18856265,0.06681694,0.25537958,0.20725147,0.04739303,0.25464449,0.21376539,0.03055407,0.24431946,0.13661329,0.02134636,0.15795965,0.18288706,-0.01080361,0.17208345,0.20978639,0.02695633,0.23674272,0.13860675,0.03595434,0.17456109,0.0767894,0.00493582,0.08172522
0,0.11278217,0.02580434,0.13858651,0.11110916,-0.00211624,0.10899292,0.1483762,0.04063123,0.18900743,0.13436339,0.00812925,0.14249264,0.11623463,-0.00830377,0.10793087,0.17674184,0.06971566,0.2464575,0.10334306,0.00851736,0.11186042,0.1623739,0.02920366,0.19157756,0.19087503,0.06392067,0.25479569,0.21335439,0.04279816,0.25615255,0.208625,0.02973812,0.23836312,0.12537164,0.0147629,0.14013454,0.1841881,-0.01125038,0.17293773,0.20919478,0.02215892,0.23135369,0.14173985,0.04099563,0.18273548,0.06320455,0.02286872,0.08607327
0,0.11085424,0.0271308,0.13798504,0.11342237,-0.00275248,0.11066989,0.15051708,0.04139898,0.19191606,0.13517685,0.00968238,0.14485923,0.11651103,-0.00583132,0.11067971,0.18292071,0.07064829,0.25356901,0.10438461,0.00948728,0.11387189,0.16560057,0.03331109,0.19891166,0.19571125,0.06782347,0.26353472,0.21435953,0.04274838,0.25710791,0.21218481,0.02963801,0.24182282,0.12306553,0.01382476,0.13689029,0.1856206,-0.01093147,0.17468913,0.22521898,0.02911612,0.2543351,0.14756384,0.04196877,0.18953261,0.08234057,0.00777616,0.09011673
0,0.1006122,0.02947396,0.13008616,0.1084796,-0.00111155,0.10736805,0.14847658,0.04163282,0.1901094,0.12739048,0.01302022,0.14041071,0.11614085,-0.0106246,0.10551625,0.18395994,0.07256689,0.25652683,0.10515631,0.00582178,0.11097809,0.17155731,0.02929315,0.20085045,0.18980766,0.06523184,0.2550395,0.20643601,0.03949963,0.24593564,0.20929029,0.02862431,0.2379146,0.11411252,0.01087311,0.12498563,0.18492736,-0.01268193,0.17224543,0.21433626,0.0262607,0.24059696,0.14131449,0.04009168,0.18140617,0.07076926,0.01717169,0.08794095
0,0.0863029,0.0162089,0.1025118,0.09802349,-0.00098448,0.09703902,0.11572854,0.0326634,0.14839194,0.0930406,-0.00426837,0.08877223,0.08661626,-0.0137569,0.07285936,0.12566834,0.04204806,0.1677164,0.07664106,-0.00303397,0.07360709,0.15008993,0.02472349,0.17481341,0.17526736,0.06001891,0.23528627,0.16698296,0.02756978,0.19455274,0.18194529,0.02009099,0.20203629,0.08984252,0.00330666,0.09314918,0.16072738,-0.01515308,0.1455743,0.1868499,0.00763529,0.1944852,0.12076071,0.03573363,0.15649434,0.0473232,0.00858604,0.05590924
0,0.05413034,0.01278367,0.06691402,0.08126144,-0.00308893,0.07817251,0.07787241,0.02318957,0.10106198,0.05437881,-0.01512831,0.0392505,0.06157528,-0.01713826,0.04443702,0.07300703,0.02080827,0.0938153,0.04588247,-0.0122164,0.03366607,0.11676085,0.01929568,0.13605653,0.14398737,0.04655624,0.19054361,0.11821988,0.01438897,0.13260885,0.14677426,0.00776555,0.1545398,0.06263639,-0.00229705,0.06033934,0.1321369,-0.016955,0.11518191,0.13974464,0.00633609,0.14608073,0.09445752,0.02748625,0.12194376,0.03610679,-0.001834,0.03427279
0,0.02063988,0.00623772,0.0268776,0.0480229,-0.00149101,0.04653189,0.0173427,0.00643224,0.02377495,0.00445377,-0.03070377,-0.02625,0.04092332,-0.0220214,0.01890192,0.00539279,-0.0119054,-0.00651261,0.02176553,-0.01779922,0.00396631,0.0767174,0.00809014,0.08480754,0.10858747,0.03450062,0.14308809,0.06538065,-0.00300061,0.06238004,0.07825048,-0.00374769,0.0745028,0.03082242,-0.00979552,0.02102691,0.08840844,-0.02363036,0.06477808,0.06359385,-0.00909645,0.0544974,0.06726857,0.02170048,0.08896905,-0.00963465,0.0025845,-0.00705015
0,0.00614392,-0.00252667,0.00361724,0.02940482,-0.00169912,0.0277057,-0.0184206,-0.00332499,-0.02174558,-0.01807889,-0.03491466,-0.05299356,0.02187493,-0.02256538,-0.00069046,-0.03176358,-0.02691061,-0.0586742,0.00837877,-0.01727261,-0.00889384,0.04635166,0.00037281,0.04672447,0.07723359,0.02273732,0.09997091,0.03297442,-0.00906598,0.02390844,0.03661207,-0.01706535,0.01954672,0.00519822,-0.01670883,-0.01151061,0.06314302,-0.02564627,0.03749675,0.01126941,-0.01925536,-0.00798595,0.06087427,0.02006686,0.08094113,-0.00985704,-0.02318556,-0.0330426
0,0.00217467,-0.00524681,-0.00307214,0.03184467,-0.00403717,0.0278075,-0.02844579,-0.00683661,-0.0352824,-0.02861918,-0.03345975,-0.06207893,0.00961817,-0.02336369,-0.01374551,-0.05302827,-0.03445095,-0.08747922,-0.00084731,-0.01861279,-0.0194601,0.03096375,-0.00486204,0.02610171,0.0514451,0.01665335,0.06809845,0.01632181,-0.0119666,0.00435521,0.01423252,-0.02216144,-0.00792892,-0.01131461,-0.02062982,-0.03194443,0.04967045,-0.02670692,0.02296353,0.00287893,-0.0335067,-0.03062777,0.06047618,0.02056898,0.08104516,-0.04114832,-0.01353451,-0.05468283
0,-0.00693145,-0.00536843,-0.01229988,0.02238288,-0.00302031,0.01936257,-0.038082,-0.00870346,-0.04678547,-0.03519957,-0.03425792,-0.06945749,-0.00143799,-0.02383771,-0.02527569,-0.06719238,-0.03755159,-0.10474397,-0.01254893,-0.01889768,-0.03144662,0.0160629,-0.0084215,0.0076414,0.03243471,0.01000445,0.04243916,0.00112362,-0.01501085,-0.01388723,-0.00735665,-0.02337913,-0.03073578,-0.02396642,-0.02281928,-0.0467857,0.03124467,-0.02383144,0.00741323,-0.01989336,-0.02394246,-0.04383582,0.05542312,0.02032199,0.0757451,-0.03691801,-0.02774665,-0.06466467
0,-0.0145281,-0.00676857,-0.02129667,0.01403945,0.00075122,0.01479068,-0.04049271,-0.00911023,-0.04960294,-0.03649183,-0.03058682,-0.06707866,-0.00878709,-0.02234052,-0.03112761,-0.06525275,-0.03570931,-0.10096205,-0.01970039,-0.0192837,-0.0389841,0.00144844,-0.01069697,-0.00924853,0.02001285,0.0076145,0.02762735,-0.01012828,-0.01592113,-0.02604941,-0.0182936,-0.0224133,-0.04070691,-0.03177161,-0.02406671,-0.05583832,0.021476,-0.02353856,-0.00206256,-0.02634675,-0.02266922,-0.04901597,0.04514994,0.017235,0.06238494,-0.05406256,-0.02702072,-0.08108328
0,-0.01780642,-0.00180494,-0.01961136,0.01101794,0.00075305,0.01177098,-0.04077672,-0.00984811,-0.05062483,-0.03478121,-0.02873832,-0.06351953,-0.01076687,-0.02122882,-0.03199569,-0.06376918,-0.03463335,-0.09840253,-0.02054587,-0.0176891,-0.03823497,-0.00614476,-0.00937795,-0.01552271,0.01446214,0.0046278,0.01908994,-0.01256203,-0.01633031,-0.02889234,-0.02259718,-0.01976162,-0.04235881,-0.03422194,-0.02285867,-0.05708061,0.01366697,-0.02114197,-0.00747501,-0.02695317,-0.02373157,-0.05068474,0.03569404,0.01377863,0.04947267,-0.06582944,-0.01297377,-0.07880321
0,-0.01069472,-0.00876135,-0.01945607,0.01053794,-0.00340324,0.0071347,-0.03678327,-0.00932185,-0.04610512,-0.03380032,-0.02740656,-0.06120689,-0.01161558,-0.02040772,-0.0320233,-0.06824995,-0.03493888,-0.10318883,-0.02148771,-0.01670112,-0.03818883,-0.00808996,-0.01054058,-0.01863054,0.00668665,0.00352062,0.01020727,-0.01969057,-0.01602165,-0.03571222,-0.02860016,-0.01922687,-0.04782703,-0.03667792,-0.02127664,-0.05795456,0.00612883,-0.01867398,-0.01254515,-0.03688621,-0.01766319,-0.0545494,0.03653444,0.01467087,0.05120531,-0.04997661,-0.02832421,-0.07830083
0,-0.00725409,-0.00594389,-0.01319798,0.01321863,-0.00597407,0.00724456,-0.03509651,-0.00801052,-0.04310703,-0.03206247,-0.02279291,-0.05485538,-0.01066048,-0.01864271,-0.02930319,-0.06152773,-0.0307293,-0.09225704,-0.02120352,-0.01531539,-0.03651892,-0.01129761,-0.00925475,-0.02055235,0.00094273,0.00286492,0.00380765,-0.02264747,-0.01447986,-0.03712733,-0.02902253,-0.01666918,-0.04569171,-0.03852305,-0.02084428,-0.05936733,-0.00056337,-0.01334643,-0.01390981,-0.04735228,-0.00929928,-0.05665156,0.02666276,0.01065197,0.03731473,-0.02669281,-0.01732065,-0.04401347
0,-0.00505636,-0.00653913,-0.0115955,0.00462687,-0.00054324,0.00408363,-0.03301904,-0.00810358,-0.04112262,-0.03120097,-0.02120079,-0.05240176,-0.01230497,-0.01538783,-0.02769279,-0.05580373,-0.02756764,-0.08337137,-0.01905682,-0.01249832,-0.03155513,-0.0128717,-0.0079459,-0.02081761,0.00075212,0.00128395,0.00203607,-0.02361038,-0.01306858,-0.03667896,-0.02639254,-0.01534615,-0.04173869,-0.03702916,-0.01769771,-0.05472686,-0.00481194,-0.01318995,-0.0180019,-0.03125202,-0.02075767,-0.05200969,0.0190388,0.00764517,0.02668397,-0.03051306,-0.01732606,-0.04783912
0,-0.00679949,-0.00454092,-0.01134041,0.00326902,-0.00235514,0.00091388,-0.02955969,-0.00681644,-0.03637613,-0.02818371,-0.01926353,-0.04744724,-0.0133187,-0.01277667,-0.02609537,-0.0511009,-0.0248787,-0.0759796,-0.01859963,-0.01097319,-0.02957282,-0.01174561,-0.00822071,-0.01996631,-0.00267382,0.00056511,-0.00210872,-0.02410132,-0.01145451,-0.03555583,-0.02491045,-0.01301416,-0.03792461,-0.03352408,-0.01497374,-0.04849782,-0.00785798,-0.01199795,-0.01985593,-0.03550536,-0.01873145,-0.05423681,0.01388323,0.00630196,0.02018519,-0.03446575,-0.00838744,-0.04285319
0,-0.00935722,-0.00217979,-0.01153701,0.00329192,-0.0015642,0.00172772,-0.0227388,-0.005377,-0.0281158,-0.02192564,-0.01495246,-0.0368781,-0.01154901,-0.01116795,-0.02271695,-0.04140911,-0.02105682,-0.06246594,-0.01613131,-0.00988827,-0.02601958,-0.01075794,-0.00793151,-0.01868946,-0.00194046,0.00040197,-0.00153849,-0.0211208,-0.00897448,-0.03009528,-0.01984512,-0.01130831,-0.03115343,-0.02708632,-0.0111545,-0.03824081,-0.01111807,-0.00695764,-0.01807571,-0.03363034,-0.00655411,-0.04018445,0.01159897,0.00543061,0.01702958,-0.01536666,-0.00789037,-0.02325703
0,-0.00153359,-0.00431795,-0.00585154,0.00765197,-0.00317053,0.00448144,-0.0140759,-0.00328848,-0.01736438,-0.01553487,-0.01025254,-0.02578741,-0.00777859,-0.00741967,-0.01519826,-0.03138342,-0.01501491,-0.04639833,-0.01205013,-0.00872511,-0.02077524,-0.00569672,-0.00851027,-0.01420699,-0.00023875,0.00133796,0.00109921,-0.01695272,-0.00508931,-0.02204203,-0.01524362,-0.0064888,-0.02173242,-0.01928933,-0.00747083,-0.02676016,-0.00686707,-0.00468136,-0.01154843,-0.02619916,0.0024003,-0.02379886,0.00858268,0.00369904,0.01228172,-0.01093899,-0.00490394,-0.01584293
0,0.00181327,0.00021356,0.00202683,0.00780006,-0.00158533,0.00621473,-0.00575373,-0.00206363,-0.00781736,-0.00884539,-0.00537684,-0.01422224,-0.0056669,-0.00555642,-0.01122332,-0.01662476,-0.00986182,-0.02648658,-0.00727007,-0.00457973,-0.0118498,-0.00956175,-0.00109625,-0.010658,0.00096201,0.00163979,0.0026018,-0.00718855,-0.0029523,-0.01014085,-0.00763982,-0.00498481,-0.01262463,-0.01160046,-0.00375833,-0.01535879,-0.00361766,-0.00402229,-0.00763994,-0.00225947,-0.00984594,-0.01210541,0.00570146,0.00265481,0.00835627,-0.0137479,0.00874961,-0.00499829
0,0.00442057,-0.00171059,0.00270998,0.00232913,0.00104541,0.00337454,-0.00120845,-0.00151342,-0.00272187,-0.00043982,-0.00517452,-0.00561434,-0.00280169,-0.00345972,-0.00626141,-0.00634436,-0.00526984,-0.0116142,-0.00167757,-0.00274303,-0.0044206,-0.00110461,-0.00349166,-0.00459626,0.00245919,0.00081159,0.00327078,-0.00435046,-0.00149238,-0.00584285,-0.00634983,-0.00342415,-0.00977398,-0.00649914,-0.00192015,-0.00841928,-0.00231033,-0.00332543,-0.00563576,-0.00345224,-0.00933668,-0.01278892,0.0044006,0.00145778,0.00585838,-0.00910192,0.01138348,0.00228156
0,-0.00038342,0.00233153,0.00194811,0.00186912,0.00055608,0.0024252,0.00028695,-0.00048717,-0.00020021,-0.00064618,0.00018021,-0.00046597,-0.00155586,-0.00055109,-0.00210695,-0.00184587,-0.00103965,-0.00288552,-0.0011845,-0.00038973,-0.00157423,-0.00312935,0.0006913,-0.00243804,0.00195305,0.00051423,0.00246728,0.0002518,-0.00054134,-0.00028954,-0.00333973,0.00010026,-0.00323947,-0.00265658,-0.00116536,-0.00382194,-0.00324656,0.00108016,-0.0021664,-0.00265318,-0.00035882,-0.003012,0.00226127,0.00057326,0.00283453,0.01252162,-0.01170186,0.00081976
0,-0.00211921,-0.00024246,-0.00236167,-0.00377005,0.00048197,-0.00328808,-0.00023126,0.00117933,0.00094807,0.00041242,0.00219704,0.00260946,-0.00034382,0.00081248,0.00046866,0.00037626,0.00313797,0.00351423,0.00043628,0.00096643,0.00140271,0.00176817,-0.00189668,-0.00012851,-0.00285671,0.00180355,-0.00105316,-0.00039623,0.0019146,0.00151837,-0.00075603,0.00019017,-0.00056586,-0.00079354,0.00119615,0.00040261,-0.00026373,0.00048441,0.00022068,0.00745259,-0.00634335,0.00110924,-0.00075223,-0.00004615,-0.00079838,0.01108079,-0.00947464,0.00160615
0,0.00088793,0.00047114,0.00135907,-0.00348253,0.00162387,-0.00185866,0.00347804,0.00152318,0.00500123,-0.00000166,0.00385817,0.00385651,0.00085946,0.00359167,0.00445114,0.0045015,0.00414057,0.00864207,0.00180271,0.00295877,0.00476149,0.0025862,0.00248915,0.00507535,-0.00181004,0.00007534,-0.00173469,0.00200957,0.00454286,0.00655244,0.0043213,0.00237184,0.00669314,0.00431286,0.00193647,0.00624933,0.00136113,0.00390274,0.00526386,0.0016204,0.01160882,0.01322921,-0.00207911,-0.00068324,-0.00276235,0.02018113,-0.01160875,0.00857238
